{"description": "", "citation": "", "homepage": "", "license": "", "features": {"text": {"dtype": "string", "id": null, "_type": "Value"}, "label": {"num_classes": 10, "names": ["sports", "entertainment", "property", "education", "fashion", "affairs", "game", "sociology", "technology", "economics"], "names_file": null, "id": null, "_type": "ClassLabel"}}, "post_processed": null, "supervised_keys": null, "builder_name": "thuc_news", "config_name": "default", "version": {"version_str": "0.0.0", "description": null, "major": 0, "minor": 0, "patch": 0}, "splits": {"train": {"name": "train", "num_bytes": 3206827, "num_examples": 50000, "dataset_name": "thuc_news"}, "validation": {"name": "validation", "num_bytes": 320133, "num_examples": 5000, "dataset_name": "thuc_news"}, "test": {"name": "test", "num_bytes": 631946, "num_examples": 10000, "dataset_name": "thuc_news"}}, "download_checksums": {"https://drive.google.com/u/0/uc?id=1eOg09b1PKWP2yOix0jhhLMAGj79wvDpJ&export=download": {"num_bytes": 2847111, "checksum": "840a218b7afaa083707e6e5b2035225134368364ec54f5191a97c580cb560fd1"}, "https://drive.google.com/u/0/uc?id=1vk6wsjDdspwTG8gVeZ6TV5-RkiV3wUyD&export=download": {"num_bytes": 284613, "checksum": "6f45976af7ba1b761efe5e1ec9ae0e16cf745fee6557609d3c70f9b8f8c76ba2"}, "https://drive.google.com/u/0/uc?id=1Ba2IIeFJMYBfOJsYyloHkHZ7lb3ADRwW&export=download": {"num_bytes": 561708, "checksum": "c34d4550b2ddd5537b6a0ef006fa17478db766ba372de9195a938e64c7cf434f"}}, "download_size": 3693432, "post_processing_size": null, "dataset_size": 4158906, "size_in_bytes": 7852338}